source,size_bytes,sha256,kind
Данные заказчика/9. Деп Обороны и ЧС.pdf,3771736,c94c8f0ad3162644a7cd9aa4a10117d80c0c6ba0832f1611a06b79154b4ea713,original
Данные заказчика/context_customer_answers_civil_defense.md,16347,ba364698e08d70c09d3261c68c3341144b10fa9f3e59ab7aed5108d13a19b663,original
Данные заказчика/Датасет.zip,11281660,b0410bdaf53ca4bbe8ac29134656f78e0cc16dbeed6421a7fc6b6d7ad5c0fc10,original
Данные заказчика/Датасет.zip::Классификатор_происшествий_v_046_24_корректировка_МВД_+_Департамент.xlsx,680116,1d907424ab96ae397cf4b67dfd0193aa94deda56fba2d2ca4f8df8f2c2585937,archive_member
Данные заказчика/Датасет.zip::Билеты- задачи по C 112 . АГС_ГСИ.pdf,6528074,4b94bf521f215419921effee2b81cb01e09ae94e7c38514e2cc82b096b15ba39,archive_member
Данные заказчика/Датасет.zip::Работа с АРМ-112 для ДДС от ОКр_ГСИ.pdf,4072684,b6bd6d69c2c4668b2c4d481cedfd9392096e3d7f5ca4092550f053387258af0e,archive_member
Данные заказчика/Инструкция_по_заведению_карточки_2507ГСИ.docx,9801206,11dd230f64d23bce5886f81c44af8fa92a9e963e65f9e9ed92dcb4f07af62e92,original
Данные заказчика/Классификатор_происшествий_v_046_11_ДТУ_15_11_2024_искл_пожар_задымление.xlsx,605427,8d969b8e973a9574c63763ff290a11cb7221c50e5f9955efdb33520914d51409,original
Данные заказчика/ЛЦТ2026 Шаблон презентации.pptx,34162523,1604aa9146b82cacd96f893be2c5e08c6981183ba155cd4a11c245f25cd894d5,original
Данные заказчика/РТУ Т16Р_Datasheet_ 2024_ГСИ.pdf,243042,81041f30c6584b7fd3116552bb558457648d7c4f845f241c5bb1db345ba30398,original
Данные заказчика/СКРИНШОТ ДДСГСИ.docx,3422757,04702f5387b3112865bd2c3161a22af1e0deb933577723597893266ed1672d4a,original
Данные заказчика/СКРИНШОТ КАРТОЧКИ 112ГСИ.docx,2322725,ea9903a74031a8e8ff66000ac9cd42a2353e600363b1bcc192d3f71466d390b2,original
Данные заказчика/ТЗ_ДГОЧСиПБ_финал_01092026ГСИ.docx,36477,4a1d905940e8eb5e2346fe1660403c4b779d6ecb530bb540a01b8eff176ac46d,original
Данные заказчика/Хакатон.txt,988,52ad88d5074840fa6c8e39503b6cbbe4bc8b999db805bbce48f90aaf11b6090e,original
ТЗ для хакатона/HACKATHON_2026_MASTER_SPEC_CODEX.md,48244,275dad9f857fd31072d6f21b50101befb6e574e636761dfe0bd344802b0c9133,original
